month,train_start,model_fit_end,train_rows,gate_label_end,test_rows,converged,gmm_converged,hmm_train_min_occupancy,gmm_train_min_occupancy,hmm_mean_max_probability,gmm_mean_max_probability,hmm_seed_ari,gmm_seed_ari,trend_allowed_states,reversion_allowed_states,gmm_trend_allowed_states,gmm_reversion_allowed_states,hmm_retraining_ari,gmm_retraining_ari,retraining_stability_status
2022-02-01T00:00:00+00:00,2020-02-02T00:00:00+00:00,2022-01-31T23:00:00+00:00,17520,2022-01-31T23:00:00+00:00,672,True,True,0.13858447488584474,0.13036529680365297,0.970222233976765,0.9102136595189654,0.9306688403302252,0.8002955225850987,bear_stress|bull_trend|quiet_range|volatile_transition,bear_stress|bull_trend,bear_stress|bull_trend|quiet_range|volatile_transition,bear_stress|volatile_transition,,,not_applicable_first_window
2022-03-01T00:00:00+00:00,2020-03-01T00:00:00+00:00,2022-02-28T23:00:00+00:00,17520,2022-02-28T23:00:00+00:00,744,True,True,0.14001141552511415,0.09526255707762557,0.9742862816461801,0.9097797208619418,0.9486898766396686,0.9998883357629564,bear_stress|quiet_range|volatile_transition,bear_stress|volatile_transition,bull_trend|quiet_range|volatile_transition,bear_stress,0.9139536722287481,0.6685202311879448,ok
2022-04-01T00:00:00+00:00,2020-04-01T00:00:00+00:00,2022-03-31T23:00:00+00:00,17520,2022-03-31T23:00:00+00:00,720,True,True,0.17871004566210047,0.16626712328767124,0.9741377609471102,0.9247215715649699,0.36074647269445176,1.0,bull_trend|quiet_range,bear_stress|quiet_range,bear_stress|bull_trend|quiet_range,bear_stress|quiet_range|volatile_transition,0.24197824418228175,0.4113232128418028,ok
2022-05-01T00:00:00+00:00,2020-05-01T00:00:00+00:00,2022-04-30T23:00:00+00:00,17520,2022-04-30T23:00:00+00:00,744,True,True,0.16797945205479453,0.18019406392694065,0.9723010772424765,0.8964262471104318,0.9951786833502874,0.999857216508253,bull_trend|quiet_range,bear_stress|bull_trend,bull_trend|quiet_range|volatile_transition,bear_stress|quiet_range|volatile_transition,0.3118858933349023,0.9082986882905534,ok
2022-06-01T00:00:00+00:00,2020-06-01T00:00:00+00:00,2022-05-31T23:00:00+00:00,17520,2022-05-31T23:00:00+00:00,720,True,True,0.15730593607305937,0.18904109589041096,0.9820203628023509,0.9110884700630847,0.3873278796700002,0.9945113142106768,bull_trend|quiet_range,bear_stress|quiet_range|volatile_transition,bull_trend|quiet_range|volatile_transition,bear_stress|quiet_range|volatile_transition,0.5078340301526862,0.9168833696816108,ok
2022-07-01T00:00:00+00:00,2020-07-01T00:00:00+00:00,2022-06-30T23:00:00+00:00,17520,2022-06-30T23:00:00+00:00,744,True,True,0.14703196347031963,0.1920662100456621,0.9735388891045854,0.9086759217222437,0.7525298574755985,0.9786124360202447,bull_trend|quiet_range,bear_stress,bear_stress|bull_trend|quiet_range|volatile_transition,bear_stress|quiet_range,0.519454046910976,0.8847868430990367,ok
2022-08-01T00:00:00+00:00,2020-08-01T00:00:00+00:00,2022-07-31T23:00:00+00:00,17520,2022-07-31T23:00:00+00:00,744,True,True,0.1612442922374429,0.18538812785388128,0.9632564468838114,0.9289102407693892,0.3385385369683107,0.9918397695882647,bear_stress|bull_trend|volatile_transition,bear_stress|quiet_range,bear_stress|bull_trend|volatile_transition,bear_stress|quiet_range,0.16739729756285004,0.7374925474851324,ok
2022-09-01T00:00:00+00:00,2020-09-01T00:00:00+00:00,2022-08-31T23:00:00+00:00,17520,2022-08-31T23:00:00+00:00,720,True,True,0.14743150684931508,0.18144977168949772,0.9796352039616071,0.9262471912145682,0.34560223153018854,0.9144540652395742,bull_trend,bear_stress|quiet_range,bull_trend|quiet_range|volatile_transition,bear_stress,0.5608944106535028,0.6301773648776534,ok
2022-10-01T00:00:00+00:00,2020-10-01T00:00:00+00:00,2022-09-30T23:00:00+00:00,17520,2022-09-30T23:00:00+00:00,744,True,True,0.15656392694063928,0.18356164383561643,0.9863879557546199,0.9466273952498695,0.9929047106384669,0.9901162593865278,bear_stress|bull_trend|quiet_range,bull_trend|quiet_range,bull_trend|quiet_range|volatile_transition,bear_stress|quiet_range,0.6197500946959795,0.8987918890093836,ok
2022-11-01T00:00:00+00:00,2020-11-01T00:00:00+00:00,2022-10-31T23:00:00+00:00,17520,2022-10-31T23:00:00+00:00,720,True,True,0.154851598173516,0.1795662100456621,0.984038837856978,0.914540806166692,0.9994782704169067,0.9951247911819177,bear_stress|bull_trend|quiet_range|volatile_transition,bear_stress|bull_trend|quiet_range,bull_trend|quiet_range|volatile_transition,bear_stress|quiet_range,0.9613408472028452,0.9542384316420166,ok
2022-12-01T00:00:00+00:00,2020-12-01T00:00:00+00:00,2022-11-30T23:00:00+00:00,17520,2022-11-30T23:00:00+00:00,744,True,True,0.1625,0.10410958904109589,0.9899163272557225,0.9183561240340198,0.9552798898936434,0.9991585326486034,bear_stress|bull_trend,bull_trend|quiet_range,bull_trend|quiet_range,bear_stress|bull_trend,0.9401451287324998,0.5732670540505138,ok
2023-01-01T00:00:00+00:00,2021-01-01T00:00:00+00:00,2022-12-31T23:00:00+00:00,17520,2022-12-31T23:00:00+00:00,744,True,True,0.14817351598173517,0.1807648401826484,0.9776321596046986,0.9384529447426588,0.9984519376454881,1.0,bear_stress,bull_trend,bull_trend|quiet_range|volatile_transition,bear_stress|volatile_transition,0.7469509642960795,0.6557353508100926,ok
2023-02-01T00:00:00+00:00,2021-02-01T00:00:00+00:00,2023-01-31T23:00:00+00:00,17520,2023-01-31T23:00:00+00:00,672,True,True,0.14360730593607307,0.17134703196347031,0.9808434811888157,0.9029154041539093,0.831589063107669,0.9974319807320947,bear_stress|bull_trend|quiet_range,bear_stress|volatile_transition,bull_trend|quiet_range|volatile_transition,bear_stress,0.8441753709374649,0.7482016963955812,ok
2023-03-01T00:00:00+00:00,2021-03-01T00:00:00+00:00,2023-02-28T23:00:00+00:00,17520,2023-02-28T23:00:00+00:00,744,True,True,0.14463470319634703,0.17026255707762558,0.9585493036962291,0.9473492157777477,0.9885337859427039,0.9968684187461535,bear_stress|bull_trend|quiet_range,bull_trend,bull_trend|volatile_transition,bear_stress,0.876253733275071,0.850818949826198,ok
2023-04-01T00:00:00+00:00,2021-04-01T00:00:00+00:00,2023-03-31T23:00:00+00:00,17520,2023-03-31T23:00:00+00:00,720,True,True,0.12203196347031964,0.1567351598173516,0.974864617017482,0.9568608705954751,0.804225676520051,0.9923825679891548,bear_stress|volatile_transition,bear_stress|bull_trend,bear_stress|bull_trend|volatile_transition,volatile_transition,0.72830529330596,0.37407030037757183,ok
2023-05-01T00:00:00+00:00,2021-05-01T00:00:00+00:00,2023-04-30T23:00:00+00:00,17520,2023-04-30T23:00:00+00:00,744,True,True,0.11489726027397261,0.1569634703196347,0.9728637190055952,0.9020227594946806,0.8005042341424538,0.9968322538060501,bear_stress|bull_trend,bear_stress|volatile_transition,bull_trend|volatile_transition,bear_stress,0.9418932374447849,0.32375700307365407,ok
2023-06-01T00:00:00+00:00,2021-06-01T00:00:00+00:00,2023-05-31T23:00:00+00:00,17520,2023-05-31T23:00:00+00:00,720,True,True,0.15930365296803653,0.17985159817351598,0.9623632740069038,0.9368884592117547,0.5019583511207115,0.9974168487090077,volatile_transition,bear_stress,bull_trend|quiet_range,bear_stress,0.8258173324249631,0.2760316611476236,ok
2023-07-01T00:00:00+00:00,2021-07-01T00:00:00+00:00,2023-06-30T23:00:00+00:00,17520,2023-06-30T23:00:00+00:00,744,True,True,0.18664383561643835,0.15707762557077626,0.9889618605729046,0.9094342001504837,0.3877617967522132,0.9998967543997616,bear_stress|bull_trend,bull_trend|volatile_transition,bull_trend|quiet_range,bear_stress,0.6007399138544258,0.9369831198431431,ok
2023-08-01T00:00:00+00:00,2021-08-01T00:00:00+00:00,2023-07-31T23:00:00+00:00,17520,2023-07-31T23:00:00+00:00,744,True,True,0.19200913242009132,0.17505707762557077,0.9834888224781422,0.9212748668796972,0.8698566973881572,1.0,volatile_transition,bear_stress|momentum_proxy,bull_trend|quiet_range,bear_stress|quiet_range,0.6587670893245974,0.7961301768217264,ok
2023-09-01T00:00:00+00:00,2021-09-01T00:00:00+00:00,2023-08-31T23:00:00+00:00,17520,2023-08-31T23:00:00+00:00,720,True,True,0.20228310502283106,0.14349315068493151,0.9808376346345546,0.9127796906319846,0.7786091449312444,0.7518934701978346,bear_stress,quiet_range|volatile_transition,bull_trend,bear_stress|volatile_transition,0.9188378122710819,0.5344238007332658,ok
2023-10-01T00:00:00+00:00,2021-10-01T00:00:00+00:00,2023-09-30T23:00:00+00:00,17520,2023-09-30T23:00:00+00:00,744,True,True,0.2018835616438356,0.1565068493150685,0.9784474621778048,0.9659531774268767,0.7022567131035812,0.998187066499254,volatile_transition,bear_stress|momentum_proxy|quiet_range,bear_stress|volatile_transition,bull_trend|volatile_transition,0.8906210376839734,0.6781595721853145,ok
2023-11-01T00:00:00+00:00,2021-11-01T00:00:00+00:00,2023-10-31T23:00:00+00:00,17520,2023-10-31T23:00:00+00:00,720,True,True,0.21124429223744293,0.16015981735159818,0.9746945803772712,0.9174949157718474,0.44686908227950467,0.9982390739890303,bear_stress|bull_trend,bull_trend|quiet_range|volatile_transition,bear_stress|volatile_transition,quiet_range|volatile_transition,0.7248723315492553,0.9759148203476158,ok
2023-12-01T00:00:00+00:00,2021-12-01T00:00:00+00:00,2023-11-30T23:00:00+00:00,17520,2023-11-30T23:00:00+00:00,744,True,True,0.21015981735159817,0.1702054794520548,0.955904220250605,0.9362414731682465,0.42518549956548635,1.0,bear_stress,bull_trend,bear_stress|volatile_transition,quiet_range|volatile_transition,0.5678798412752819,0.9097059586870117,ok
2024-01-01T00:00:00+00:00,2022-01-01T00:00:00+00:00,2023-12-31T23:00:00+00:00,17520,2023-12-31T23:00:00+00:00,744,True,True,0.10998858447488584,0.16792237442922375,0.9731888399235931,0.9325242070490528,0.447384030376056,0.9967628823975359,bear_stress|bull_trend,bull_trend|quiet_range,bear_stress|volatile_transition,quiet_range,0.4230508132026147,0.9494779047898587,ok
2024-02-01T00:00:00+00:00,2022-02-01T00:00:00+00:00,2024-01-31T23:00:00+00:00,17520,2024-01-31T23:00:00+00:00,696,True,True,0.18949771689497716,0.1558219178082192,0.9727567363017046,0.9400890037822961,0.3864980026032967,0.9979201646346157,bear_stress|bull_trend,bull_trend|quiet_range|volatile_transition,volatile_transition,quiet_range,0.5266476174078075,0.9588182968803715,ok
2024-03-01T00:00:00+00:00,2022-03-02T00:00:00+00:00,2024-02-29T23:00:00+00:00,17520,2024-02-29T23:00:00+00:00,744,True,True,0.17534246575342466,0.1516552511415525,0.9657301704766412,0.948733371763226,0.38487127300848084,0.3002634369775136,bull_trend|volatile_transition,bear_stress|quiet_range,bear_stress,bear_stress|quiet_range,0.9373134326094793,0.9460522151193475,ok
2024-04-01T00:00:00+00:00,2022-04-02T00:00:00+00:00,2024-03-31T23:00:00+00:00,17520,2024-03-31T23:00:00+00:00,720,True,True,0.17842465753424658,0.1545662100456621,0.9738880980744256,0.9262545346185912,1.0,0.9937182804900593,bull_trend|volatile_transition,none,bear_stress|bull_trend|volatile_transition,bear_stress|quiet_range,0.9075205537027807,0.9159607703593982,ok
2024-05-01T00:00:00+00:00,2022-05-02T00:00:00+00:00,2024-04-30T23:00:00+00:00,17520,2024-04-30T23:00:00+00:00,744,True,True,0.18430365296803652,0.15234018264840182,0.9791415623618158,0.9177371444272464,0.38502441118092057,0.3377819570341462,bear_stress|bull_trend,none,bear_stress|bull_trend|volatile_transition,bear_stress,0.9528596121811524,0.8245632151412766,ok
2024-06-01T00:00:00+00:00,2022-06-02T00:00:00+00:00,2024-05-31T23:00:00+00:00,17520,2024-05-31T23:00:00+00:00,720,True,True,0.1916095890410959,0.15176940639269407,0.9663670027470728,0.938665698853728,0.5913364256647574,0.40969951910564634,bull_trend|quiet_range|stress_proxy,bull_trend|quiet_range,bear_stress|bull_trend|volatile_transition,bear_stress|quiet_range,0.4396940656463398,0.8027227591517067,ok
2024-07-01T00:00:00+00:00,2022-07-02T00:00:00+00:00,2024-06-30T23:00:00+00:00,17520,2024-06-30T23:00:00+00:00,744,True,True,0.2175799086757991,0.14195205479452055,0.9650590892616004,0.9075674942796759,0.5042753265117704,0.9871072046422927,bull_trend|quiet_range|stress_proxy,bull_trend|quiet_range,bear_stress|bull_trend|volatile_transition,none,0.8884054087684823,0.2683432929199916,ok
2024-08-01T00:00:00+00:00,2022-08-02T00:00:00+00:00,2024-07-31T23:00:00+00:00,17520,2024-07-31T23:00:00+00:00,744,True,True,0.14286529680365298,0.13247716894977168,0.9739246721135579,0.9311855839646953,0.3908237099722954,0.9998619898799626,bull_trend|stress_proxy,volatile_transition,bull_trend|volatile_transition,bear_stress,0.4112673488245114,0.8640757917971632,ok
2024-09-01T00:00:00+00:00,2022-09-02T00:00:00+00:00,2024-08-31T23:00:00+00:00,17520,2024-08-31T23:00:00+00:00,720,True,True,0.14332191780821918,0.1297945205479452,0.9655947334867853,0.9436422130111696,0.39062691890534784,0.9914103610640551,bull_trend|stress_proxy,volatile_transition,bull_trend|volatile_transition,quiet_range|volatile_transition,0.9291910852583954,0.49849584699299193,ok
2024-10-01T00:00:00+00:00,2022-10-02T00:00:00+00:00,2024-09-30T23:00:00+00:00,17520,2024-09-30T23:00:00+00:00,743,True,True,0.14788812785388128,0.1232876712328767,0.975544320913247,0.9131023584826669,0.48412571078295297,0.542779654622327,bull_trend|stress_proxy,volatile_transition,bear_stress|bull_trend|volatile_transition,bear_stress,0.991577529734204,0.6127730648793741,ok
2024-11-01T00:00:00+00:00,2022-11-02T00:00:00+00:00,2024-10-31T23:00:00+00:00,17519,2024-10-31T23:00:00+00:00,720,True,True,0.19487413665163536,0.119527370283692,0.9792775310465398,0.927589616082185,0.4359426183742749,0.9911538855535136,bull_trend|quiet_range|stress_proxy,bull_trend|quiet_range,bear_stress|bull_trend|volatile_transition,bear_stress,0.6222289637205092,0.9488879771690043,ok
2024-12-01T00:00:00+00:00,2022-12-02T00:00:00+00:00,2024-11-30T23:00:00+00:00,17519,2024-11-30T23:00:00+00:00,744,True,True,0.2087447913693704,0.15194931217535249,0.9654147144914625,0.913757652100405,0.453168916284848,0.9888870683723637,bull_trend|quiet_range|stress_proxy,bull_trend,bull_trend|volatile_transition,quiet_range,0.9612853769924176,0.7051518328524827,ok
2025-01-01T00:00:00+00:00,2023-01-02T00:00:00+00:00,2024-12-31T23:00:00+00:00,17519,2024-12-31T23:00:00+00:00,744,True,True,0.20246589417204178,0.15097893715394714,0.9680380754807945,0.9232805238924024,0.37074381977375725,1.0,bull_trend|quiet_range|stress_proxy,bull_trend|quiet_range|volatile_transition,bull_trend|volatile_transition,quiet_range,0.4883635999202031,0.8694411269451116,ok
2025-02-01T00:00:00+00:00,2023-02-02T00:00:00+00:00,2025-01-31T23:00:00+00:00,17519,2025-01-31T23:00:00+00:00,672,True,True,0.20668987955933557,0.1529767680803699,0.9759289585201026,0.9120174597070262,0.3849291678545813,0.9989104497252705,bull_trend|quiet_range|stress_proxy,bull_trend|quiet_range,bull_trend|volatile_transition,bear_stress|bull_trend,0.7133607628417709,0.7657129812570325,ok
2025-03-01T00:00:00+00:00,2023-03-02T00:00:00+00:00,2025-02-28T23:00:00+00:00,17519,2025-02-28T23:00:00+00:00,744,True,True,0.19784234259946343,0.1513785033392317,0.9774266344417465,0.9360934921378664,0.378904753574566,0.9938832127116406,bull_trend|quiet_range|stress_proxy,bull_trend|quiet_range,bull_trend|volatile_transition,bear_stress|bull_trend,0.7461615731311271,0.9223049048556765,ok
2025-04-01T00:00:00+00:00,2023-04-02T00:00:00+00:00,2025-03-31T23:00:00+00:00,17519,2025-03-31T23:00:00+00:00,720,True,True,0.2042924824476283,0.1637079741994406,0.9742085441351542,0.9336545013511856,0.389501479535493,0.5308967543715292,quiet_range|stress_proxy,bull_trend|quiet_range,bull_trend|volatile_transition,bear_stress,0.7779122678520289,0.8979701206517788,ok
2025-05-01T00:00:00+00:00,2023-05-02T00:00:00+00:00,2025-04-30T23:00:00+00:00,17519,2025-04-30T23:00:00+00:00,744,True,True,0.20623323249043896,0.1605685256007763,0.9546966301032491,0.9248239287713471,0.9974589490210113,0.5354266489364609,bull_trend|quiet_range|stress_proxy,bull_trend|quiet_range,bull_trend|volatile_transition,bear_stress,0.9855089781246454,0.9159714035372296,ok
2025-06-01T00:00:00+00:00,2023-06-02T00:00:00+00:00,2025-05-31T23:00:00+00:00,17519,2025-05-31T23:00:00+00:00,720,True,True,0.15217763570980078,0.1556024887265255,0.9644087732052539,0.9191992622966418,0.6967401047166704,0.8416607360448694,bull_trend|quiet_range|stress_proxy,bull_trend|quiet_range|volatile_transition,bull_trend|quiet_range|volatile_transition,bear_stress|bull_trend,0.8470919714448791,0.8631785546825766,ok
2025-07-01T00:00:00+00:00,2023-07-02T00:00:00+00:00,2025-06-30T23:00:00+00:00,17519,2025-06-30T23:00:00+00:00,744,True,True,0.1997830926422741,0.13756492950510874,0.9740172900823918,0.8305820160099201,0.35512828342456687,0.9914871775395543,bull_trend|quiet_range|stress_proxy,bull_trend|quiet_range,bull_trend|quiet_range|volatile_transition,bear_stress|volatile_transition,0.9005389822293747,0.83488983997905,ok
2025-08-01T00:00:00+00:00,2023-08-02T00:00:00+00:00,2025-07-31T23:00:00+00:00,17519,2025-07-31T23:00:00+00:00,744,True,True,0.2000684970603345,0.12808950282550374,0.95707792962505,0.9485064981342354,0.8276073122487662,0.659659114699863,bull_trend|quiet_range|stress_proxy,bull_trend|quiet_range,bull_trend|quiet_range|volatile_transition,bear_stress|volatile_transition,0.9652103493389523,0.5226461967983224,ok
2025-09-01T00:00:00+00:00,2023-09-02T00:00:00+00:00,2025-08-31T23:00:00+00:00,17519,2025-08-31T23:00:00+00:00,720,True,True,0.1637650550830527,0.17860608482219303,0.9773394602592904,0.9212295144647035,0.3596171379198725,0.9353757878402357,bull_trend|quiet_range,bull_trend|quiet_range|volatile_transition,bull_trend|volatile_transition,bear_stress|bull_trend|quiet_range,0.4706842702557122,0.5494212274978755,ok
2025-10-01T00:00:00+00:00,2023-10-02T00:00:00+00:00,2025-09-30T23:00:00+00:00,17519,2025-09-30T23:00:00+00:00,744,True,True,0.1626805182944232,0.1758662024088133,0.967891785285425,0.9424483688067836,0.38637504563177405,0.9668112789294111,bull_trend|quiet_range,bull_trend|quiet_range|volatile_transition,bull_trend|quiet_range|volatile_transition,bear_stress|bull_trend|volatile_transition,0.8792925719458787,0.691582211868026,ok
2025-11-01T00:00:00+00:00,2023-11-02T00:00:00+00:00,2025-10-31T23:00:00+00:00,17519,2025-10-31T23:00:00+00:00,720,True,True,0.18688281294594442,0.18271590844226268,0.9665580743189806,0.9305822850088861,0.6289722808343178,0.9983331004633259,bull_trend|quiet_range|stress_proxy,stress_proxy|volatile_transition,bull_trend|quiet_range|volatile_transition,bear_stress|bull_trend|volatile_transition,0.33354768608086216,0.7294022523505147,ok
2025-12-01T00:00:00+00:00,2023-12-02T00:00:00+00:00,2025-11-30T23:00:00+00:00,17519,2025-11-30T23:00:00+00:00,744,True,True,0.1955591072549803,0.14761116502083452,0.9565089731656985,0.8912174444537002,0.6751041022728785,0.993271637905524,bear_stress|bull_trend|quiet_range,volatile_transition,bull_trend|quiet_range|volatile_transition,bear_stress|bull_trend|volatile_transition,0.9739307239247509,0.542599584066235,ok
2026-01-01T00:00:00+00:00,2024-01-02T00:00:00+00:00,2025-12-31T23:00:00+00:00,17519,2025-12-31T23:00:00+00:00,744,True,True,0.1503510474342143,0.14390090758604943,0.9730708766343984,0.9299717114337344,0.4028773673341009,0.999469515733603,bull_trend|quiet_range,bull_trend|quiet_range|volatile_transition,bull_trend|quiet_range|volatile_transition,bear_stress|volatile_transition,0.6020316447051628,0.9297911203568483,ok
2026-02-01T00:00:00+00:00,2024-02-02T00:00:00+00:00,2026-01-31T23:00:00+00:00,17519,2026-01-31T23:00:00+00:00,672,True,True,0.19173468805297106,0.15206347394257663,0.9724222382473309,0.949249058832744,0.9926090670827724,1.0,bear_stress|quiet_range|volatile_transition,quiet_range|volatile_transition,bull_trend|quiet_range|volatile_transition,bear_stress|volatile_transition,0.294211316901374,0.9631784765979081,ok
2026-03-01T00:00:00+00:00,2024-03-01T00:00:00+00:00,2026-02-28T23:00:00+00:00,17519,2026-02-28T23:00:00+00:00,744,True,True,0.196072835207489,0.16153890062218162,0.9541593755432843,0.8979116762124768,0.7152485969024369,1.0,bull_trend,bull_trend|volatile_transition,bull_trend|quiet_range|volatile_transition,bear_stress|bull_trend|volatile_transition,0.8532163131850042,0.9607661062491787,ok
2026-04-01T00:00:00+00:00,2024-04-01T00:00:00+00:00,2026-03-31T23:00:00+00:00,17519,2026-03-31T23:00:00+00:00,720,True,True,0.1674753125178378,0.1571436725840516,0.950479017470931,0.9327506251304425,0.5317896645911089,0.9998454432580156,bear_stress|quiet_range,bear_stress|bull_trend,quiet_range,bear_stress|bull_trend|volatile_transition,0.4796837414569936,0.9203350999984795,ok
2026-05-01T00:00:00+00:00,2024-05-01T00:00:00+00:00,2026-04-30T23:00:00+00:00,17519,2026-04-30T23:00:00+00:00,744,True,True,0.15959815057937096,0.14310177521548034,0.9683363563438856,0.9520453516199402,0.8550705306246931,0.9935849618274726,bear_stress|bull_trend,bull_trend|volatile_transition,quiet_range,bull_trend|volatile_transition,0.6847511676073968,0.9407251679076003,ok
2026-06-01T00:00:00+00:00,2024-06-01T00:00:00+00:00,2026-05-31T23:00:00+00:00,17519,2026-05-31T23:00:00+00:00,720,True,True,0.16673326103088076,0.14624122381414464,0.9692240663925514,0.9413599437501937,0.9760000250763977,1.0,bull_trend,bear_stress|bull_trend|volatile_transition,quiet_range,bear_stress|bull_trend|volatile_transition,0.740158733318966,0.9800671472688834,ok
2026-07-01T00:00:00+00:00,2024-07-01T00:00:00+00:00,2026-06-30T23:00:00+00:00,17519,2026-06-30T23:00:00+00:00,744,True,True,0.1699868713967692,0.14858154004223986,0.9627198108953893,0.9225041155691969,1.0,0.9997149567289606,bull_trend,bear_stress|bull_trend|volatile_transition,quiet_range,bull_trend|volatile_transition,0.9525884714104214,0.8595156519817786,ok
2026-08-01T00:00:00+00:00,2024-08-01T00:00:00+00:00,2026-07-31T23:00:00+00:00,17519,2026-07-31T23:00:00+00:00,384,True,True,0.16222387122552656,0.1460699811633084,0.9820082959698911,0.927112094677713,0.9979307240329877,1.0,bull_trend,bear_stress|bull_trend|volatile_transition,bear_stress|quiet_range,bear_stress|bull_trend|volatile_transition,0.9107589833944969,0.9759910692394784,ok
